{"cameraMode":{"drawMode":0,"name":"Shaded","section":"Shading Mode"},"sceneLighting":false,"audioPlay":false,"sceneViewState":{"showFog":true,"showMaterialUpdate":false,"showSkybox":false,"showFlares":true,"showImageEffects":true,"showParticleSystems":true},"in2DMode":false,"pivot":{"x":54.19058609008789,"y":-20.248151779174806,"z":123.80750274658203},"rotation":{"x":-0.08428309112787247,"y":-0.18072600662708283,"z":0.01554686576128006,"w":-0.9797958135604858},"size":143.8976287841797,"orthographic":false}